run_id,date,source_type,source_url,source_title,source_hash,source_year,region,pricing_priority,conversion_basis,topic_tags,scope,target_docs,status,notes
692ad518-9877-40c3-b3bc-2e9a8994aa2e,2026-07-27,youtube,unknown,vid1_transcript.txt,d04723c52a089c8b6df2bd5e349df75ba3cd00a3a4184c4ded45f4353adc90bf,unknown,unknown,secondary,unknown_year,unknown,unknown,unknown,archived,Backfilled from existing transcript; original URL/title unknown. Original filename: vid1_transcript.txt
5febd7d2-b397-4978-87e2-ea9f03b39331,2026-07-27,youtube,unknown,vid2_transcript.txt,d5a46a7d99ab8064aeb3062a892ec51b8b0260a383f595b8dd4d29e9c92d45cc,unknown,unknown,secondary,unknown_year,unknown,unknown,unknown,archived,Backfilled from existing transcript; original URL/title unknown. Original filename: vid2_transcript.txt
ef6e3fed-ad35-4fb5-88f2-d0c3a47c1bbf,2026-07-27,youtube,unknown,vid3_transcript.txt,26b1a4ebf182430fe9b44162f8f10e721d5b795b35581c8e2a294bf4c46f41d2,unknown,unknown,secondary,unknown_year,unknown,unknown,unknown,archived,Backfilled from existing transcript; original URL/title unknown. Original filename: vid3_transcript.txt
75993908-594b-40c4-b0f9-5482ca21f8ab,2026-07-27,youtube,unknown,vid4_transcript.txt,5558ad0bffdfd93fb3a9472684a594efe732cc5d77469862489f1c228e805740,unknown,unknown,secondary,unknown_year,unknown,unknown,unknown,archived,Backfilled from existing transcript; original URL/title unknown. Original filename: vid4_transcript.txt
run_20260727,2026-07-27,youtube_video,https://www.youtube.com/watch?v=Y3exSOS2Ob8,How much does apartment renovation cost in 2025,4b421350ebf36e4b91da38bd41e38c69946a0ed9b6cb651729a47be0365ffa92,2025,Russia,secondary,annual_avg_2025,"budgeting, savings",budget_analysis,"Master_Budgeting_Guide.md, Walls_and_Paint.md",archived,Extracted 2025 pricing context and timeline tip.
run_20260727_2,2026-07-27,youtube_video,https://www.youtube.com/watch?v=b4ErDSHBY_4,Designer renovation breakdown P44 2-room apartment,f23c504a43813fea5c40523091931c57f88592f543e70c66c9c80ac261c7000b,2024,Russia,secondary,annual_avg_2024,"renovation_tips, rules, dos_and_donts",cross_room,"12_Engineering_and_Systems, 13_Surfaces_and_Finishes, 07_Bathroom, 08_WC, 03_Kitchen",archived,"Extracted hidden conduit, Lumfer LED profiles, sub-screed soundproofing, plumbing cabinet filters, and fixture choices."
run_20260727_3,2026-07-27,youtube_video,https://www.youtube.com/watch?v=jOvCg-d45w4,Full turnkey renovation cost breakdown in Saint-Petersburg 2024,21ade3f689a2b480ff62dc12830c182dfdf7c0bc937cb86772b0c6de5a056941,2024,Saint-Petersburg Russia,secondary,annual_avg_2024,"renovation_mistakes, rules, cost_breakdown",cross_room,"12_Engineering_and_Systems, 13_Surfaces_and_Finishes",archived,"Extracted rules for monolithic breaker box restrictions, reverse check valves, plaster drying wait time, and self-leveling compound for flush floor transitions."
run_20260727_4,2026-07-27,youtube_video,https://www.youtube.com/watch?v=O6PNsmWaHYc,Investment renovation vs owner renovation cost comparison 2025,360f4c7cf5734740aa1cbacbd73dd3d33137eb904735a3e3d19064e8355d2fde,2025,Russia,secondary,annual_avg_2025,"investment_renovation, cost_comparison, dos_and_donts",cross_room,"12_Engineering_and_Systems, 13_Surfaces_and_Finishes, 11_Budget_and_Planning",archived,"Extracted rules for direct overseas lighting procurement, direct-paint ducted AC grilles, SPC vinyl with integrated underlayment, airless spray painting, and backless wardrobe interiors."
run_20260727_5,2026-07-27,youtube_video,https://www.youtube.com/watch?v=kBJZkSOp4-Q,Why is apartment renovation so expensive in 2026,a8e9088725fa45de7ebc223ad5d27139ee3a536ca6b8dd9d8ba7a8b30cd4b6b8,2026,Russia,secondary,annual_avg_2026,"renovation_mistakes, cost_analysis, dos_and_donts",cross_room,"12_Engineering_and_Systems, 13_Surfaces_and_Finishes, 11_Budget_and_Planning",archived,"Extracted rules for electrical panel breaker limits, plumbing cabinet complexity limits, wallpaper vs paint budget choice, surface baseboards vs flush baseboards, and 3m tile backsplash sequence."
run_20260727_6,2026-07-27,youtube_video,https://www.youtube.com/watch?v=ElHcpT5WlUA,Proper Renovation Sequence & Mistakes to Avoid,61e3a372f136a945f5b34fcb108172e9311358a1e8b66a09bcc9f3812d51d7da,2024,Russia,secondary,annual_avg_2024,"renovation_sequence, trade_coordination, dos_and_donts",cross_room,"12_Engineering_and_Systems, 13_Surfaces_and_Finishes, 11_Budget_and_Planning",archived,"Extracted rules for concealed door frame order, concealed baseboard track order, plastering masonry walls before electrical chasing, adhesive conduit clips for floor soundproofing, rough AC line routing, and defect walkthroughs."
run_20260727_7,2026-07-27,youtube_video,https://www.youtube.com/watch?v=EbwgImqhnOQ,Bathtub vs Shower Washer-Dryer Combo Niche Sink & Mirror Layout,371bd212fc62b5c50b46ccc2805b7d8a2224b7a6c8ac873655addd65caa3708f,2024,Russia,secondary,annual_avg_2024,"bathroom_rules, laundry_rules, dos_and_donts",room_level,"07_Bathroom, 09_Laundry_Room, 11_Budget_and_Planning",archived,"Extracted rules for bathtub vs shower in single bathroom, 80cm min width for 3-wall recessed vanity sink, bathroom entrance mirror focal alignment, and 2-in-1 washer-dryer combo vs separate dryer stack."
run_20260727_8,2026-07-27,youtube_video,https://www.youtube.com/watch?v=I0PUIxd9MQ8,Hard-Learned Renovation Mistakes & Solutions,a0e895b1bb0ebeaba7c3a0a0781e951e0f9dd86dc0caae01683041f55c6874a2,2024,Russia,secondary,annual_avg_2024,"renovation_mistakes, practical_solutions, dos_and_donts",cross_room,"12_Engineering_and_Systems, 13_Surfaces_and_Finishes, 07_Bathroom, 09_Laundry_Room",archived,"Extracted rules for cooktop cable length, motorized sofa outlets, dry siphon traps, baseboard niche margin, mudroom floor heating pet safety, dark window reveals, vessel sink limits over washers, and shower glass stabilizers."
run_20260727_9,2026-07-27,youtube_video,https://www.youtube.com/watch?v=ZkdGHHPtfh0,Full 24-Step Turnkey Renovation Workflow & Sequence,21a6e3c16fa783c7cd63a3caa5af887c4660c5e63fd3a6110ec0cce515549178,2024,Russia,secondary,annual_avg_2024,"renovation_workflow, 24_steps, sequence_rules",cross_room,"12_Engineering_and_Systems, 13_Surfaces_and_Finishes, 11_Budget_and_Planning",archived,"Extracted rules for pre-defining flooring material before screed pouring, acoustic wall back-box projections, kitchen ceiling drywall framing box, window sill installation timing, and concrete ceiling painting before stretch ceilings."
run_20260727_10,2026-07-27,youtube_video,https://www.youtube.com/watch?v=XlvilzilV-c,Turnkey Designer Renovation Cost Breakdown 60m2 Minsk World 2025,dfc917477638f2df1bde57393484ef8cef68ae1a7af9f86a4bb44c79b0adcfcd,2025,Minsk Belarus,primary,direct_usd_minsk_2025,"minsk_budget, turnkey_cost_2025, designer_renovation, minsk_world",cross_room,"11_Budget_and_Planning, 07_Bathroom, 13_Surfaces_and_Finishes",archived,"Primary Minsk 2025 benchmark data ($900/m2 total turnkey budget, $125/m2 labor rate), epoxy-sealed decorative bathroom plaster, OZON marketplace loose furniture strategy, and dual-side PVC window spray-painting strategy."
run_20260727_11,2026-07-27,youtube_video,https://www.youtube.com/watch?v=-k0oupEu3pM,Minsk World 60m2 Turnkey Designer Apartment Implementation & Design Tour,26bc9c251bc6601ef41619545f7d5e8de79372080bddf51c48fb34de6d0a4d8f,2025,Minsk Belarus,primary,direct_usd_minsk_2025,"minsk_world, design_tour, implementation_details, companion_source",case_study,"Master_Budgeting_Guide.md, Minsk_World_60m2_Design_and_Cost_Case_Study.md",archived,"Strongly inferred companion source for the same apartment based on matching design elements; related_source_hash=dfc917477638f2df1bde57393484ef8cef68ae1a7af9f86a4bb44c79b0adcfcd; relationship=companion_inferred_apartment_design_context"
run_20260727_12,2026-07-27,youtube_video,https://www.youtube.com/watch?v=to_ujRxQUbk,How to Start Renovation and Calculate Labor Costs (Comfort vs Business Class),7617b5235a834aee99eae3fe7f003fdeb64f4e8552fd934291f010fc2ae84d22,unknown,Russia,secondary,unknown_year_no_conversion,"contractor_quoting, comfort_vs_business_class, technical_project, budget_optimization",cross_room,"Master_Budgeting_Guide.md, Cost_Saving_Strategies.md",archived,"Transcript states RUB pricing but does not explicitly state source year or city; no currency conversion applied until source year/rates are verified."
run_20260727_13,2026-07-27,youtube_video,https://www.youtube.com/watch?v=XWmoyTQK1AQ,How Much Does Apartment Renovation Cost in 2025 (44m2 Minsk Real Breakdown),b385361e400f8525dc094ccc3ed55cc0884930c6ca78e846f1fcb459c1b1e046,2025,Minsk Belarus,primary,direct_usd_minsk_2025,"minsk_budget, turnkey_cost_2025, labor_rates, material_procurement",cross_room,"Master_Budgeting_Guide.md, Cost_Saving_Strategies.md, Plumbing_and_Waterproofing.md, Walls_and_Paint.md, Flooring_Guide.md",archived,"Primary Minsk 2025 benchmark data ($50 pipe detector, $6/m2 plastering, $9/m2 masonry, $13-17/m2 tile rates, $350 AC install). Direct client material purchasing rule and detector scanning rule."
