patch_uuid,host_id,face_ref,phase,along_from_mm,along_from_basis,along_to_mm,along_to_basis,vertical,v_from_mm,v_to_mm,state,successors,notes
e20e5a61-956f-4540-99a7-8f268790da22,M2,cross_lo,existing,0.0,compiler_derived,570.0,owner_stated,full_height,,,active,,"the stretch that PROJECTS past the neighbour's balcony into open air. along_to is the owner's 570 mm, corroborated independently at ~590 mm off the plan; along_from is the wall's own south end, which the compiler resolves. TWO BOUNDS, TWO DIFFERENT AUTHORITIES."
ed72ce69-e6c6-435e-9c14-6df9a00d67a2,M2,cross_lo,existing,570.0,owner_stated,2073.4,compiler_derived,full_height,,,active,,"the stretch that ABUTS the neighbour's balcony. The same 570 mm transition bounds this patch and the one before it, and is owner-stated in both; the far end is the wall's own north end."
ff394591-faf3-430d-b747-510e6fbbac84,MC,end_to,existing,0.0,compiler_derived,300.0,compiler_derived,full_height,,,active,,"the east END, and the reason the insulation end cap is suppressed here. This is the face whose classification the old geometric rule could not derive: nothing exists east of x 12946.0 in our model, so a flood from outside reached it and it read as exposed."
53966aa2-7e75-42af-bd66-891daad8397e,MA,cross_lo,existing,0.0,compiler_derived,2950.0,compiler_derived,full_height,,,active,,"facade wall, 300 block + 70 mineral wool"
1b9d6fc4-ceb0-4365-aeca-c017d2826cb3,MB,cross_lo,existing,0.0,compiler_derived,3000.0,compiler_derived,full_height,,,active,,"facade wall, 300 block + 70 mineral wool"
32de469d-4169-45e4-8b06-29eadae4e28c,MC,cross_lo,existing,0.0,compiler_derived,3565.1,compiler_derived,full_height,,,active,,"facade wall, 300 block + 70 mineral wool"
fc0457e9-ad7c-4c6d-84b5-564f0130a47d,R8,cross_lo,existing,0.0,compiler_derived,1790.0,compiler_derived,full_height,,,active,,"exposed concrete frame on the facade, 150 mm"
c83125e4-ffed-4121-befb-86494994f7dc,R9,cross_hi,existing,0.0,compiler_derived,1750.0,compiler_derived,full_height,,,active,,"exposed concrete frame on the facade, 150 mm"
fcab9947-496d-4360-be1b-d8697569c982,M6b,cross_hi,existing,0.0,compiler_derived,1440.0,compiler_derived,full_height,,,active,,loggia enclosure ON THE RENDERED FACADE PLANE - which is why it is insulated and M2's abutting run is not
