patch_uuid,host_id,face_ref,phase,covering_kind,along_from_mm,along_from_basis,along_to_mm,along_to_basis,vertical,v_from_mm,v_to_mm,presence_state,presence_basis,presence_evidence,thickness_mm,thickness_value_state,thickness_basis,thickness_evidence,state,successors,notes
61448042-0642-4def-b003-ae30c2aba4e2,M2,cross_lo,existing,external_insulation,0.0,compiler_derived,570.0,owner_stated,full_height,,,present,owner_stated,_Drawings/evidence/m2_mixed_exposure_from_4th_floor_plan.png; 00_Master/V0_Envelope_And_Insulation.md,120.0,assumed_not_measured,owner_stated,"data/canonical/wall_blocks.csv M2 notes: owner's instruction, by symmetry with M6b",active,,"the southern stretch that projects past the neighbour's balcony. PRESENCE IS DIRECTLY EVIDENCED - the plan draws the band on this face - and does not depend on whether their parapet bears on M2, which is a different question and still unresolved."
02d3ba73-aad7-46e0-b034-4d22304e0378,M2,cross_lo,existing,external_insulation,570.0,owner_stated,2073.4,compiler_derived,full_height,,,absent,owner_stated,_Drawings/evidence/m2_mixed_exposure_from_4th_floor_plan.png; 00_Master/V0_Envelope_And_Insulation.md,,,,,active,,"the abutting stretch. ABSENCE IS EVIDENCED, not inferred: the plan draws no band here. Owner rule 4 says the same in words."
124d0452-29da-4457-998a-f7e286409ea5,MA,cross_lo,existing,external_insulation,0.0,compiler_derived,2950.0,compiler_derived,full_height,,,present,developer_spec,data/canonical/building_spec.json; data/canonical/v0_insulation_placed.json,70.0,asserted,developer_spec,data/canonical/building_spec.json,active,,facade wall
2f60ad30-a38e-4ca9-a1d9-d34651ab8490,MB,cross_lo,existing,external_insulation,0.0,compiler_derived,3000.0,compiler_derived,full_height,,,present,developer_spec,data/canonical/building_spec.json; data/canonical/v0_insulation_placed.json,70.0,asserted,developer_spec,data/canonical/building_spec.json,active,,facade wall
6400e6e9-686a-4c42-b6e4-ad3355a00ffb,MC,cross_lo,existing,external_insulation,0.0,compiler_derived,3565.1,compiler_derived,full_height,,,present,developer_spec,data/canonical/building_spec.json; data/canonical/v0_insulation_placed.json,70.0,asserted,developer_spec,data/canonical/building_spec.json,active,,facade wall
fb2db3b8-66d3-4dc8-a771-c9b501797b87,MC,end_to,existing,external_insulation,0.0,compiler_derived,300.0,compiler_derived,full_height,,,absent,owner_stated,00_Master/V0_Envelope_And_Insulation.md; owner on the overlay: «remove this segment»,,,,,active,,"the east END. Absence is OWNER-DIRECTED and the boundary table also derives not_required here (INS-PARTY-MASONRY). !! THAT IS TWO DATA PATHS, NOT TWO INDEPENDENT EVIDENCES, and I described it as corroboration on 2026-09-17, which was wrong. Both paths rest on the SAME owner statement and the SAME assembled block plan. Agreement here proves the compiler reads the evidence consistently; it does not add confidence in the evidence itself. Independent corroboration would need a source neither path uses - a site observation of the end, or a developer section."
60cd851c-0a78-48c2-b9a8-b305d714e609,R8,cross_lo,existing,external_insulation,0.0,compiler_derived,1790.0,compiler_derived,full_height,,,present,owner_stated,data/canonical/v0_insulation_placed.json,150.0,asserted,owner_stated,data/canonical/wall_blocks.csv R8 notes: 70/150 split OWNER-CONFIRMED 2026-09-15,active,,exposed concrete frame on the facade
12b783ad-81c3-4e16-8f31-19c0b576bc87,R9,cross_hi,existing,external_insulation,0.0,compiler_derived,1750.0,compiler_derived,full_height,,,present,owner_stated,data/canonical/v0_insulation_placed.json,150.0,asserted,owner_stated,data/canonical/wall_blocks.csv R9 notes: 70/150 split OWNER-CONFIRMED 2026-09-15,active,,exposed concrete frame on the facade
e0b1124a-beee-4c06-842d-4871542cd366,M6b,cross_hi,existing,external_insulation,0.0,compiler_derived,1440.0,compiler_derived,full_height,,,present,owner_stated,data/canonical/v0_insulation_placed.json,120.0,assumed_not_measured,drawing_scaled,data/canonical/wall_blocks.csv M6b notes: by proportion against the 200 block in frame,active,,loggia enclosure ON THE RENDERED FACADE PLANE
